id,title,date,tag,excerpt,body,published
facturation-maroc-ice-dgi-2026,Facture et ICE au Maroc : ce que la DGI attend des PME en 2026,02/04/2026,Conformité DGI,"Votre facture doit porter les mentions légales attendues par la DGI Maroc. Voici le rappel utile pour les TPE et PME.","Au Maroc, chaque facture commerciale doit permettre d’identifier clairement le vendeur et l’acheteur. L’ICE, l’IF et le RC ne sont pas de simples formalités : ils structurent la chaîne de conformité fiscale et facilitent les contrôles.

Une facturation irrégulière peut retarder une déduction de TVA Maroc ou compliquer une relation avec un client professionnel exigeant. Les PME gagnent à harmoniser leurs modèles et à vérifier systématiquement les mentions obligatoires avant envoi.

Anticiper ces exigences réduit le stress en période de déclaration et renforce votre crédibilité auprès des partenaires.

Pour centraliser factures, devis et contrôles DGI dans un flux unique, INVOOffice propose une gestion de facturation conforme au contexte marocain, avec aide à la cohérence des données et des exports utiles au quotidien.",
tva-maroc-taux-declaration-pme-2026,TVA Maroc : taux courants et bonnes habitudes pour les déclarations PME,04/04/2026,Fiscalité,"La TVA Maroc suit des règles précises selon les secteurs. Structurer vos écritures dès la facture évite les erreurs en fin de période.","Les taux de TVA Maroc couvrent plusieurs situations : biens, services, opérations spécifiques. L’enjeu pour une PME n’est pas seulement de facturer, mais d’associer chaque ligne au bon taux et de conserver une trace exploitable pour la déclaration.

Une gestion rigoureuse des factures d’achat et de vente limite les écarts et les régularisations coûteuses. Les dirigeants gagnent du temps lorsqu’ils peuvent extraire des synthèses fiables sans ressaisir des tableurs.

Former l’équipe à une saisie homogène est aussi un levier de performance fiscale.

INVOOffice aide les entreprises marocaines à structurer facturation et TVA dans un même outil, avec une vision claire des montants et des exports adaptés au suivi fiscal.",
logiciel-gestion-maroc-donnees-locales-2026,Pourquoi un logiciel de gestion Maroc avec données locales rassure les PME,06/04/2026,Stratégie,"Héberger vos données chez vous ou travailler hors ligne reste un critère majeur pour les TPE marocaines. Découvrez les avantages concrets.","Nombre de professionnels au Maroc privilégient une solution qui ne dépend pas d’un abonnement cloud permanent pour piloter facturation et stock. La maîtrise des données, la possibilité de travailler sans connexion stable et l’absence de surprise sur les coûts sont des arguments forts.

Un logiciel gestion Maroc pensé pour l’autonomie permet de conserver vos informations sur votre poste, de sécuriser vos habitudes de travail et d’éviter les interruptions liées au réseau.

Ce modèle convient particulièrement aux commerces, ateliers et bureaux dont le rythme ne tolère pas une panne SaaS au mauvais moment.

INVOOffice s’inscrit dans cette approche : facturation, devis, stock et rapports utiles au quotidien, avec une licence à vie adaptée aux PME qui veulent garder la main sur leurs données.",
conformite-dgi-maroc-preparer-controle-2026,Conformité DGI Maroc : préparer son dossier avant un contrôle ou une demande,08/04/2026,Conformité DGI,"La DGI Maroc peut solliciter des justificatifs cohérents avec vos factures et déclarations. Anticiper facilite la réponse.","Un contrôle ou un échange avec l’administration fiscale repose sur des pièces alignées : factures numérotées, mentions correctes, cohérence entre chiffre d’affaires déclaré et pièces émises. Les entreprises qui archivent au fil de l’eau évitent des reconstitutions hasardeuses.

La conformité DGI Maroc n’est pas réservée aux grands groupes : une PME structurée dès la facturation réduit le risque d’incohérences et gagne en sérénité.

Documenter les avoirs, les acomptes et les relances complète souvent le tableau attendu par un inspecteur.

INVOOffice accompagne cette rigueur en centralisant la facturation et les éléments liés à la conformité courante au Maroc, pour un dossier plus lisible et des exports exploitables.",
tresorerie-pme-maroc-prevision-encaissements-2026,Trésorerie PME Maroc : lier facturation et prévision des encaissements,10/04/2026,Gestion & Trésorerie,"Relier vos factures à vos échéances réelles aide à anticiper les tensions de trésorerie. Méthode simple pour les dirigeants.","La gestion trésorerie d’une PME marocaine repose souvent sur une vision partielle : factures émises mais pas encore payées, charges récurrentes oubliées, décalage entre TVA encaissée et décaissée. Sans lien entre ventes et calendrier de paiement, le dirigeant découvre les trous trop tard.

En structurant le suivi des factures et des relances, vous transformez votre facturation en indicateur d’avenir. Les encaissements prévisibles deviennent un levier de décision pour les achats et les investissements.

Une discipline simple sur les dates d’échéance et les statuts de paiement suffit souvent à stabiliser la trésorerie sur trois mois.

INVOOffice intègre facturation, devis et éléments utiles au pilotage quotidien, pour que la relation client et la trésorerie restent sur la même base de données.",
avoir-facture-maroc-regles-pratiques-2026,Avoir et facture au Maroc : quand l’émettre et comment le tracer,12/04/2026,Facturation,"L’avoir corrige une facture sans effacer l’historique. Comprendre son usage évite les erreurs en cas de contrôle DGI Maroc.","Lorsqu’un client retourne une marchandise ou qu’une erreur de montant est constatée, l’avoir est l’outil adapté pour annuler partiellement ou totalement une opération tout en conservant la traçabilité. Au Maroc, comme ailleurs, la continuité de la numérotation et la cohérence avec la facture d’origine sont essentielles.

Mélanger corrections manuelles et documents non reliés complique la TVA Maroc et la lecture d’un audit. Mieux vaut un processus répétable, compris par toute l’équipe.

Former les commerciaux à déclencher un avoir plutôt qu’une « nouvelle facture » au hasard protège la conformité.

INVOOffice facilite la logique facture / avoir dans un parcours de facturation Maroc clair, pour garder des dossiers propres et des exports exploitables.",
devis-vers-facture-maroc-gagner-temps-2026,Du devis à la facture au Maroc : enchaîner sans double saisie,14/04/2026,Facturation,"Transformer un devis accepté en facture rapidement réduit les erreurs et accélère l’encaissement. Bonnes pratiques pour les PME.","Le devis professionnel marocain sert souvent de base négociée : prix, délais, conditions. Si la facture est ressaisie à la main, le risque d’écart sur les montants ou la TVA Maroc augmente. Les entreprises performantes réutilisent les données validées par le client.

Un flux devis → facture homogène améliore aussi le suivi commercial : taux de transformation, délais d’acceptation, panier moyen.

Cette rigueur renforce la confiance lorsque le client retrouve exactement les mêmes lignes sur la facture finale.

INVOOffice permet d’enchaîner devis et facturation dans une logique unique, adaptée aux habitudes des TPE et PME marocaines qui veulent gagner du temps sans sacrifier la conformité DGI.",
rapports-fiscaux-maroc-simplifier-fin-mois-2026,Rapports fiscaux et fin de mois : structurer ses données au Maroc,16/04/2026,Réglementation,"Les déclarations reposent sur des agrégats fiables. Mieux organiser la facturation en amont évite la course le dernier jour.","En fin de période, les entreprises doivent compiler ventes, TVA collectée et déductible, parfois des exports ou opérations spécifiques. Si les factures sont éparpillées ou mal classées, le rapport fiscal devient une reconstitution stressante.

Une facturation Maroc quotidienne disciplinée — mentions complètes, taux corrects, pièces jointes logiques — transforme la clôture en simple consolidation.

Les PME qui investissent dans ce socle gagnent aussi en visibilité sur leur marge réelle.

INVOOffice propose des rapports et une structuration de la facturation pensée pour le contexte marocain, afin d’approcher les échéances fiscales avec des données déjà prêtes à l’emploi.",
facture-proforma-maroc-quand-lutiliser-2026,Facture proforma au Maroc : usage, limites et passage en facture définitive,18/04/2026,Facturation,"La proforma informe sans toujours constater la vente. Clarifions son rôle pour éviter les confusions avec la DGI Maroc.","La facture proforma sert souvent d’étape commerciale : estimation, commande en cours, importation de biens. Elle n’a pas le même statut qu’une facture définitive et ne doit pas brouiller votre comptabilité si les règles internes sont claires.

Au Maroc, les professionnels l’utilisent pour cadrer un prix avant engagement ferme, ou pour faciliter des démarches douanières selon le cas.

Le passage à la facture définitive doit rester tracé et cohérent pour la TVA Maroc et le client.

INVOOffice aide à distinguer et enchaîner les documents dans un flux de facturation clair, pour que proforma et factures définitives restent alignées avec votre activité.",
relance-client-maroc-sans-griller-relation-2026,Relance client au Maroc : cadences et messages qui préservent la relation,20/04/2026,Gestion & Trésorerie,"Une relance efficace combine fermeté et professionnalisme. Comment rester payé sans froisser les bons clients au Maroc.","Les retards de paiement fragilisent la trésorerie des PME marocaines. Une relance trop agressive peut coûter un client ; l’absence totale de suivi invite au non-paiement. La solution consiste à des étapes claires : rappel avant échéance, relance J+7, escalade documentée.

Relier chaque relance à une facture identifiée évite les malentendus et montre votre sérieux.

Une traçabilité simple suffit souvent à débloquer les situations de négligence plutôt que d’insolvabilité.

INVOOffice centralise facturation et suivi pour que la relance client s’appuie sur des montants et dates exacts, au service d’une trésorerie plus prévisible.",
location-voiture-maroc-cadre-legal-pme-2026,Location de voiture au Maroc : cadre utile à connaître pour une agence ou une flotte,03/04/2026,Location,"L’activité de location longue ou courte durée implique des obligations et une gestion rigoureuse des véhicules et contrats.","Que vous gériez une petite agence ou une flotte pour des clients corporate, la location voiture Maroc exige des contrats clairs, un suivi des véhicules et une vision des coûts : assurance, entretien, amortissement. Les opérateurs qui maîtrisent ces paramètres protègent leur marge.

L’ICE et les mentions sur les documents de location participent à la crédibilité vis-à-vis des entreprises locales et du tourisme.

Anticiper les pics saisonniers et les retours véhicule évite les surbooking et les mécontents.

INVOORent Pro est pensé pour la gestion de flotte automobile et la location : véhicules, clients, réservations et suivis, dans une interface offline adaptée aux agences marocaines.",
contrat-location-ld-maroc-clauses-essentielles-2026,Contrat de location longue durée au Maroc : clauses à ne pas négliger,05/04/2026,Location,"Kilométrage, franchise, état du véhicule et résiliation : une base solide limite les litiges entre agence et client.","Un contrat location bien rédigé fixe les règles du jeu : durée, kilométrage inclus, responsabilité en cas de sinistre, état des lieux à la remise et au retour. Au Maroc, les agences qui standardisent ces points réduisent les discussions post-location.

Prévoir les cas de prolongation, de retard ou de dommage évite les flous coûteux.

Une copie archivée par réservation facilite le suivi en cas de désaccord.

INVOORent Pro aide à structurer réservations et contrats avec une vision centralisée des véhicules et des clients, pour des opérations de location plus sereines au quotidien.",
flotte-auto-maroc-assurances-vignettes-calendrier-2026,Flotte automobile au Maroc : calendrier assurances vignettes et visibilité coûts,07/04/2026,Gestion flotte,"Oublier une échéance d’assurance ou de vignette immobilise un véhicule rentable. Organisation simple pour les flottes.","Chaque véhicule de la flotte génère des charges récurrentes et des dates critiques. Sans tableau de bord, on découvre l’expiration d’une assurance le jour où le client arrive pour une réservation.

Regrouper par véhicule les échéances et les coûts permet de lisser les budgets et de négocier en connaissance de cause.

Les PME de location qui intègrent la maintenance dans le même regard évitent les pannes en pleine saison.

INVOORent Pro offre un suivi de flotte pensé pour les professionnels marocains : fiches véhicule, réservations et éléments utiles pour ne pas perdre le fil des obligations et de la rentabilité.",
rentabilite-vehicule-location-maroc-indicateurs-2026,Rentabilité par véhicule en location au Maroc : quels indicateurs suivre,09/04/2026,Rentabilité,"Tous les véhicules ne se valent pas : certains tournent peu mais coûtent cher en entretien. Identifier les « tire-au-flanc » booste la marge.","Le calcul de rentabilité véhicules repose sur les jours loués, le tarif moyen réel (après remises), les coûts d’entretien, d’assurance et d’immobilisation. Une voiture affichée à bon prix mais souvent en garage peut être moins intéressante qu’un modèle modeste très sollicité.

Comparer sur six mois ou une saison touristique donne une image plus juste qu’un mois isolé.

Ajuster le mix de flotte selon ces données améliore le chiffre d’affaires global.

INVOORent Pro centralise réservations et informations véhicules pour aider les agences marocaines à prendre des décisions basées sur l’usage réel et les coûts.",
maintenance-preventive-flotte-maroc-planning-2026,Maintenance préventive de flotte au Maroc : planning et traçabilité,11/04/2026,Maintenance auto,"Les révisions régulières réduisent les pannes en location et protègent la réputation de l’agence.","Une panne sur un véhicule loué coûte plus cher que la réparation : location de remplacement, client mécontent, image ternie. La maintenance auto structurée par kilométrage ou par date limite ces incidents.

Tracer les interventions sur chaque véhicule aide aussi à la revente ou au renouvellement de flotte.

Les ateliers partenaires apprécient un historique clair des opérations.

INVOORent Pro permet de suivre les maintenances par véhicule dans le cadre d’une gestion de flotte complète, adaptée aux agences marocaines qui veulent limiter les imprévus mécaniques.",
reservation-en-ligne-agence-location-maroc-2026,Réservations et planning : fluidifier l’agence de location au Maroc,13/04/2026,Location,"Éviter le double booking et voir la disponibilité en un coup d’œil : base d’une expérience client professionnelle.","Les clients comparent les agences sur la réactivité et la fiabilité des créneaux. Un planning centralisé par véhicule évite les promesses impossibles et libère du temps au comptoir.

La digitalisation interne — même sans marketplace — améliore la coordination entre les collaborateurs.

Les pics du tourisme ou des événements locaux se gèrent mieux avec une vision unifiée des sorties et retours.

INVOORent Pro met l’accent sur réservations et contrats dans une logique offline, pour les agences marocaines qui veulent un outil stable sans dépendre du cloud pour chaque opération.",
gestion-clients-location-recurrence-maroc-2026,Clients entreprises et location récurrente au Maroc : structurer les comptes,15/04/2026,Location,"Hotels, sociétés de services et PME louent régulièrement. Un dossier client propre accélère chaque nouvelle réservation.","Les contrats cadre et les tarifs négociés nécessitent historique des locations, contacts facturation et conditions particulières. Sans fiche client structurée, chaque appel repart de zéro.

Au Maroc, l’ICE et les coordonnées complètes sur les bons de commande évitent les allers-retours.

Fidéliser le segment B2B stabilise le chiffre d’affaires hors saison.

INVOORent Pro propose une fiche client avec historique adaptée à la gestion de flotte et à la location, pour traiter plus vite les demandes récurrentes des entreprises marocaines.",
kilometrage-contrats-location-maroc-transparence-2026,Kilométrage et surcoûts en location au Maroc : transparence et satisfaction client,17/04/2026,Location,"Des règles lisibles sur le kilométrage évitent les disputes au retour véhicule et renforcent la confiance.","Le client doit comprendre avant le départ ce qui est inclus et ce qui sera facturé en supplément. Afficher clairement les paliers kilométriques et les tarifs associés sur le contrat limite les négociations tendues.

Pour l’agence, un relevé cohérent à la remise et au retour constitue la preuve en cas de désaccord.

Cette rigueur est un atout commercial autant qu’un filet juridique.

INVOORent Pro s’inscrit dans une gestion de réservations et contrats où les informations véhicule et client restent alignées, pour des locations plus transparentes au Maroc.",
digitalisation-petite-agence-location-maroc-2026,Digitaliser une petite agence de location au Maroc sans se noyer dans la complexité,19/04/2026,Stratégie,"Passer du cahier au logiciel : par où commencer quand on gère quelques dizaines de véhicules.","La digitalisation ne signifie pas forcément une plateforme web lourde. Commencer par un outil qui centralise véhicules, réservations et clients réduit déjà les erreurs et le temps perdu.

Les agences marocaines en croissance choisissent souvent une solution locale, offline, pour maîtriser les coûts et la confidentialité.

Étendre ensuite vers des canaux en ligne devient plus simple une fois les processus internes stables.

INVOORent Pro cible précisément les agences qui veulent une gestion de flotte automobile complète, PWA et offline, avant d’envisager des intégrations plus lourdes.",
location-saisonniere-maroc-ajuster-flotte-tarifs-2026,Location saisonnière au Maroc : ajuster flotte et tarifs sans se tromper,21/04/2026,Rentabilité,"Saison haute et basse imposent des stratégies différentes. Comment utiliser ses données pour décider.","Les périodes de forte demande permettent de valoriser les véhicules les plus recherchés ; la basse saison invite à des offres ciblées ou à la maintenance différée. Sans historique de réservations, on réagit au feeling.

Analyser les taux d’occupation par modèle et par mois guide les achats et les renouvellements.

Une vision claire des marges par période évite de brader inutilement.

INVOORent Pro aide les professionnels de la location voiture Maroc à consolider réservations et suivi véhicules pour des décisions tarifaires et d’investissement plus éclairées.",
logiciel-caisse-maroc-restaurant-avantages-2026,Logiciel caisse Maroc : ce qu’un restaurant gagne en structurant ses ventes,01/04/2026,POS & Caisse,"Encaissements, tickets et suivi du jour : la caisse n’est plus seulement un tiroir mais le cœur des données de vente.","Un logiciel caisse Maroc adapté au restaurant enregistre chaque commande avec le bon détail : articles, options, tables éventuelles. Le dirigeant voit le chiffre du service sans attendre une ressaisie nocturne.

La TVA affichée correctement sur le ticket rassure le client et facilite les contrôles.

Les pics du midi ou du week-end se pilotent mieux quand l’outil tient le rythme.

INVOOCoffee est conçu pour cafés et restaurants : caisse tactile rapide, menu structuré et rapports utiles, en mode offline pour les établissements marocains qui ne veulent pas dépendre du réseau en permanence.",
gestion-menu-cafe-maroc-marges-par-produit-2026,Gestion de menu café au Maroc : repérer les produits les plus rentables,05/04/2026,Gestion,"Tous les articles du menu ne rapportent pas la même marge. Identifier les stars et les entrées à ajuster booste le résultat.","Le café marocain propose souvent une gamme large : boissons chaudes, jus, pâtisseries, petites salades. Sans suivi par ligne de vente, on continue à pousser des produits peu rentables par habitude.

Comparer volumes et prix d’achat révèle les vrais contributeurs à la marge.

Ajuster les prix ou les portions devient alors un choix éclairé, pas une intuition.

INVOOCoffee permet de structurer menu et catégories avec un suivi des ventes adapté aux établissements qui veulent affiner leur offre au Maroc.",
pos-restaurant-maroc-pic-service-dejeuner-2026,POS restaurant Maroc : tenir le pic du déjeuner sans file d’attente excessive,07/04/2026,POS & Caisse,"Le service rapide repose sur une saisie fluide et une organisation des commandes claire pour la cuisine et la salle.","Quand la salle se remplit en quinze minutes, chaque seconde à la caisse compte. Un POS restaurant Maroc réactif, avec raccourcis et catégories logiques, réduit les erreurs de commande et le stress des serveurs.

La coordination entre l’encaissement et la préparation évite les oublis en cuisine.

Les clients perçoivent immédiatement la différence d’un service structuré.

INVOOCoffee met l’accent sur la caisse tactile et le flux commandes pour snacks et restaurants marocains qui veulent absorber les pics sans sacrifier la qualité perçue.",
stock-ingredients-cafe-maroc-pertes-gaspillage-2026,Stock ingrédients café au Maroc : limiter pertes et gaspillage,09/04/2026,Gestion,"Lait, grains, pâtisseries : les pertes invisibles grèvent la marge. Un suivi simple change la donne.","Beaucoup d’établissements estiment leur stock à vue. Pourtant la gestion stock alimentaire même basique — entrées, sorties, seuils — réduit les ruptures gênantes et les invendus jetés.

Adapter les commandes fournisseurs aux ventes réelles lisse la trésorerie.

Les contrôles hygiéniques gagnent aussi quand les lots sont identifiables.

INVOOCoffee intègre un suivi des stocks consommables utile aux cafés et restaurants marocains qui veulent rapprocher achats et ventes sans tableur interminable.",
ticket-caisse-maroc-tva-affichage-client-2026,Ticket de caisse et TVA Maroc : rassurer le client au moment du paiement,11/04/2026,Conformité,"Un ticket lisible avec les bons montants renforce la confiance et évite les discussions en caisse.","Le client professionnel ou particulier vérifie souvent le détail TVA et le total. Un affichage cohérent avec la commande réelle limite les contestations.

Pour l’établissement, c’est aussi la trace du service en cas de question le lendemain.

Former l’équipe à des remises homogènes évite les écarts entre ticket et caisse.

INVOOCoffee produit des encaissements structurés adaptés aux besoins courants des commerces de bouche au Maroc, avec une logique de caisse claire pour l’équipe et le client.",
snack-rapide-maroc-organisation-cuisine-salle-2026,Snack rapide au Maroc : organiser cuisine et salle pour débit constant,13/04/2026,Restaurant,"Quand le menu est simple mais le flux intense, la clarté des commandes fait la différence entre chaos et service fluide.","Les snacks marocains gèrent souvent vente sur place et à emporter. Sans numérotation ou statut de commande, la cuisine et la caisse se contredisent.

Une prise de commande standardisée accélère la production et réduit les retours.

Les files aux heures de pointe se dissolvent plus vite quand chaque ticket est actionnable.

INVOOCoffee est pensé pour multi-tables et commandes simultanées, avec une interface adaptée aux petites équipes pressées dans les zones urbaines marocaines.",
rapport-ventes-journalier-restaurant-maroc-2026,Rapport de ventes journalier : le reflex du restaurateur marocain efficace,15/04/2026,Stratégie,"Clôturer la journée avec le bon total et les bonnes catégories aide à corriger le tir le lendemain.","Le rapport ventes journalier montre ce qui a marché, à quelle heure, et parfois quel serveur ou quelle caisse. Sans ce réflexe, on répète les mêmes erreurs d’approvisionnement ou de staffing.

Comparer lundi à dimanche révèle des patterns utiles pour les plannings.

Les établissements qui lisent leurs chiffres quotidiennement gagnent en agilité.

INVOOCoffee propose des rapports journaliers et mensuels pour que cafés et restaurants marocains décident sur des bases chiffrées, pas sur des impressions.",
tables-commandes-simultanees-restaurant-maroc-2026,Tables et commandes simultanées : tenir un petit restaurant marocain sans confusion,17/04/2026,Restaurant,"Mélanger les tables en salle coûte des avis négatifs. Une logique de suivi par table sécurise le service.","Attribuer chaque commande à une table ou un comptoir évite d’envoyer le plat au mauvais client. En période chargée, cette discipline est non négociable.

Le personnel gagne en sérénité quand l’outil reflète l’état réel du service.

Les additions groupées ou séparées se traitent plus vite sans erreur de montant.

INVOOCoffee prend en charge multi-tables et commandes en parallèle pour les restaurants marocains qui veulent un service pro même avec une équipe réduite.",
terrasse-maroc-saisonnalite-chiffre-affaires-2026,Terrasse et saisonnalité au Maroc : lisser le chiffre d’affaires du café-restaurant,19/04/2026,Gestion,"La belle saison booste la terrasse ; l’hiver impose d’autres leviers. Lire ses données aide à compenser.","Les établissements avec terrasse vivent des écarts marqués entre mois. Sans analyse des ventes par période, on sur-stocke ou sous-emploie au mauvais moment.

Identifier les produits qui se vendent aussi « hors terrasse » stabilise la marge.

Les promotions ciblées sur les creux peuvent être testées puis ajustées avec des chiffres.

INVOOCoffee permet de suivre les ventes et catégories pour que cafés et restaurants au Maroc ajustent offre et achats selon la réalité du comptoir, pas seulement la météo.",
hygiene-tracabilite-alimentaire-pme-restauration-maroc-2026,Hygiène et traçabilité alimentaire : bonnes bases pour la PME restauration au Maroc,21/04/2026,Conformité,"La qualité perçue passe par des processus propres en coulisse. Quelques repères pour les petites structures.","Les contrôles et les attentes clients montent : réception des produits, stockage, DLC, formation équipe. Une PME restauration marocaine crédible intègre ces points dans son organisation quotidienne, même sans certification lourde.

Relier achats et consommation réelle limite les stocks dormants à risque.

La traçabilité alimentaire commence par des habitudes simples mais tenues.

INVOOCoffee accompagne la gestion des stocks consommables et du flux de vente pour les cafés et restaurants qui veulent un outil centralisé, offline, adapté au rythme des établissements marocains.",
